percentile,empirical_t,DF_tau_mu,emp_minus_tab
1,-3.37761479309639,-3.46,0.082385206903612
5,-2.83090318587798,-2.88,0.0490968141220245
10,-2.5625786122274,-2.57,0.00742138777259749
