Cause,Arrow,Effect,NumLags,NumRestrictions,Wald_chi2,p_chi2,Fstat,p_F
"rrshock",→,Inflation,4,4,8.51782190677834,0.0743488561279627,2.12945547669459,0.0834819162754216
"rrshock",→,Unemployment,4,4,8.75119708695948,0.0676283085039596,2.18779927173987,0.0765349526990764
"rrshock",→,FedFundsRate,4,4,36.2440888328205,2.57768848710427e-07,9.06102220820513,3.31331533476309e-06
"Inflation",→,rrshock,4,4,2.34275989758539,0.672995213026955,0.585689974396347,0.673798082095038
"Unemployment",→,rrshock,4,4,3.47742431598297,0.481319319412685,0.869356078995743,0.485551056831448
"FedFundsRate",→,rrshock,4,4,5.25518954634842,0.262101107956511,1.31379738658711,0.270819322552487
"All{Inflation,Unemployment,FedFundsRate}",→,rrshock,4,12,10.4498473605719,0.576558889447645,0.870820613380993,0.57880282346917
