mean_phi_hat,sd_phi_hat,reject_H0_rate
0.394887989087324,0.0589242827897825,1
