Cause,Arrow,Effect,NumLags,NumRestrictions,Wald_chi2,p_chi2,Fstat,p_F
"RR_Shock",→,Inflation,4,4,8.51782190677743,0.0743488561279901,2.12945547669436,0.0834819162754497
"RR_Shock",→,Unemployment,4,4,8.75119708696403,0.0676283085038344,2.18779927174101,0.0765349526989468
"RR_Shock",→,FedFundsRate,4,4,36.2440888328187,2.57768848710427e-07,9.06102220820466,3.31331533476309e-06
"Inflation",→,RR_Shock,4,4,2.34275989758447,0.672995213027121,0.585689974396118,0.673798082095201
"Unemployment",→,RR_Shock,4,4,3.4774243159852,0.481319319412344,0.8693560789963,0.485551056831113
"FedFundsRate",→,RR_Shock,4,4,5.25518954634925,0.262101107956432,1.31379738658731,0.27081932255241
"All{Infl,Unemp,FFR}",→,RR_Shock,4,12,10.4498473605749,0.576558889447381,0.870820613381245,0.578802823468921
